DATASET,MODEL,LAYER_NAME,SRCC,KRCC,PLCC,RMSE,SELECT_CRITERIA
cvd_2014,relaxvqa,layer_stack+pool,0.8974329324699353,0.7298797409805736,0.9294176327576802,8.181218875858512,byrmse
cvd_2014,relaxvqa,layer_stack+pool,0.8899167437557816,0.7169287696577245,0.9124431859182278,9.071853463451635,bykrcc
