DATASET,MODEL,LAYER_NAME,SRCC,KRCC,PLCC,RMSE,SELECT_CRITERIA
cvd_2014,relaxvqa,layer_stack+pool,0.784458834412581,0.5929694727104533,0.8336370019443154,12.24452187351517,byrmse
