DATASET,MODEL,LAYER_NAME,SRCC,KRCC,PLCC,RMSE,SELECT_CRITERIA
konvid_1k,relaxvqa,layer_stack+pool,0.8719923706625153,0.6881473586768162,0.8667609207054626,0.3210833589581915,byrmse
konvid_1k,relaxvqa,layer_stack+pool,0.8694227338256467,0.6833901767127005,0.8620429615269825,0.3263055162355561,bykrcc
