DATASET,MODEL,LAYER_NAME,SRCC,KRCC,PLCC,RMSE,SELECT_CRITERIA
live_vqc,relaxvqa,layer_stack+pool,0.846805736636245,0.6648983200707338,0.8876234541445293,7.986938718127351,byrmse
live_vqc,relaxvqa,layer_stack+pool,0.8366827016739349,0.653109342764515,0.8726197468691288,8.469556771282194,bykrcc
