DATASET,MODEL,LAYER_NAME,SRCC,KRCC,PLCC,RMSE,SELECT_CRITERIA
youtube_ugc,relaxvqa,layer_stack+pool,0.846924966301945,0.6623323542151041,0.865178169009217,0.3437259757521121,byrmse
youtube_ugc,relaxvqa,layer_stack+pool,0.8455641585113053,0.6561600223853162,0.8630945764997284,0.3461783141516129,bykrcc
